source_b TotalCurrent(IdVg_VdSat_n1188_des) X,source_b TotalCurrent(IdVg_VdSat_n1188_des) Y,source_b TotalCurrent(IdVg_VdSat_n1988_des) X,source_b TotalCurrent(IdVg_VdSat_n1988_des) Y,source_b TotalCurrent(IdVg_VdSat_n2020_des) X,source_b TotalCurrent(IdVg_VdSat_n2020_des) Y,source_b TotalCurrent(IdVg_VdSat_n2052_des) X,source_b TotalCurrent(IdVg_VdSat_n2052_des) Y,source_b TotalCurrent(IdVg_VdSat_n2084_des) X,source_b TotalCurrent(IdVg_VdSat_n2084_des) Y,source_b TotalCurrent(IdVg_VdSat_n2116_des) X,source_b TotalCurrent(IdVg_VdSat_n2116_des) Y,source_b TotalCurrent(IdVg_VdSat_n2148_des) X,source_b TotalCurrent(IdVg_VdSat_n2148_des) Y,source_b TotalCurrent(IdVg_VdSat_n2180_des) X,source_b TotalCurrent(IdVg_VdSat_n2180_des) Y,source_b TotalCurrent(IdVg_VdSat_n2212_des) X,source_b TotalCurrent(IdVg_VdSat_n2212_des) Y,source_b TotalCurrent(IdVg_VdSat_n2244_des) X,source_b TotalCurrent(IdVg_VdSat_n2244_des) Y,source_b TotalCurrent(IdVg_VdSat_n2276_des) X,source_b TotalCurrent(IdVg_VdSat_n2276_des) Y,source_b TotalCurrent(IdVg_VdSat_n2308_des) X,source_b TotalCurrent(IdVg_VdSat_n2308_des) Y,source_b TotalCurrent(IdVg_VdSat_n2340_des) X,source_b TotalCurrent(IdVg_VdSat_n2340_des) Y,source_b TotalCurrent(IdVg_VdSat_n2372_des) X,source_b TotalCurrent(IdVg_VdSat_n2372_des) Y,source_b TotalCurrent(IdVg_VdSat_n2404_des) X,source_b TotalCurrent(IdVg_VdSat_n2404_des) Y,source_b TotalCurrent(IdVg_VdSat_n2436_des) X,source_b TotalCurrent(IdVg_VdSat_n2436_des) Y,source_b TotalCurrent(IdVg_VdSat_n2468_des) X,source_b TotalCurrent(IdVg_VdSat_n2468_des) Y,source_b TotalCurrent(IdVg_VdSat_n2500_des) X,source_b TotalCurrent(IdVg_VdSat_n2500_des) Y,source_b TotalCurrent(IdVg_VdSat_n2532_des) X,source_b TotalCurrent(IdVg_VdSat_n2532_des) Y,source_b TotalCurrent(IdVg_VdSat_n2564_des) X,source_b TotalCurrent(IdVg_VdSat_n2564_des) Y,source_b TotalCurrent(IdVg_VdSat_n2596_des) X,source_b TotalCurrent(IdVg_VdSat_n2596_des) Y,source_b TotalCurrent(IdVg_VdSat_n2628_des) X,source_b TotalCurrent(IdVg_VdSat_n2628_des) Y,source_b TotalCurrent(IdVg_VdSat_n2660_des) X,source_b TotalCurrent(IdVg_VdSat_n2660_des) Y,source_b TotalCurrent(IdVg_VdSat_n2692_des) X,source_b TotalCurrent(IdVg_VdSat_n2692_des) Y,source_b TotalCurrent(IdVg_VdSat_n2724_des) X,source_b TotalCurrent(IdVg_VdSat_n2724_des) Y,source_b TotalCurrent(IdVg_VdSat_n2756_des) X,source_b TotalCurrent(IdVg_VdSat_n2756_des) Y,source_b TotalCurrent(IdVg_VdSat_n2788_des) X,source_b TotalCurrent(IdVg_VdSat_n2788_des) Y,source_b TotalCurrent(IdVg_VdSat_n2820_des) X,source_b TotalCurrent(IdVg_VdSat_n2820_des) Y,source_b TotalCurrent(IdVg_VdSat_n2852_des) X,source_b TotalCurrent(IdVg_VdSat_n2852_des) Y,source_b TotalCurrent(IdVg_VdSat_n2884_des) X,source_b TotalCurrent(IdVg_VdSat_n2884_des) Y,source_b TotalCurrent(IdVg_VdSat_n2916_des) X,source_b TotalCurrent(IdVg_VdSat_n2916_des) Y,source_b TotalCurrent(IdVg_VdSat_n2948_des) X,source_b TotalCurrent(IdVg_VdSat_n2948_des) Y,source_b TotalCurrent(IdVg_VdSat_n2980_des) X,source_b TotalCurrent(IdVg_VdSat_n2980_des) Y,source_b TotalCurrent(IdVg_VdSat_n3012_des) X,source_b TotalCurrent(IdVg_VdSat_n3012_des) Y,source_b TotalCurrent(IdVg_VdSat_n3044_des) X,source_b TotalCurrent(IdVg_VdSat_n3044_des) Y,source_b TotalCurrent(IdVg_VdSat_n3076_des) X,source_b TotalCurrent(IdVg_VdSat_n3076_des) Y,source_b TotalCurrent(IdVg_VdSat_n3108_des) X,source_b TotalCurrent(IdVg_VdSat_n3108_des) Y,source_b TotalCurrent(IdVg_VdSat_n3140_des) X,source_b TotalCurrent(IdVg_VdSat_n3140_des) Y,source_b TotalCurrent(IdVg_VdSat_n3172_des) X,source_b TotalCurrent(IdVg_VdSat_n3172_des) Y
0,-4.8164651e-19,0,7.8269735e-12,0,9.2859248e-12,0,1.0472774e-11,0,1.1627655e-11,0,1.1314672e-11,0,1.0484723e-11,0,1.0094973e-11,0,9.4664478e-12,0,8.9581436e-12,0,8.4681949e-12,0,8.0888125e-12,0,7.7958154e-12,0,7.6409763e-12,0,7.4885496e-12,0,7.2080241e-12,0,6.9680099e-12,0,6.8292543e-12,0,6.7451204e-12,0,6.6724276e-12,0,6.6404065e-12,0,6.5873981e-12,0,6.5708686e-12,0,6.5977663e-12,0,6.6524904e-12,0,6.6886388e-12,0,6.7197454e-12,0,6.7359689e-12,0,6.7732523e-12,0,6.8302152e-12,0,6.8795177e-12,0,7.0143836e-12,0,7.1479863e-12,0,7.2132551e-12,0,7.3425599e-12,0,7.4712522e-12,0,7.535604e-12,0,7.6649071e-12,0,7.8708425e-12
-0.006,-1.6859716e-19,-0.006,9.5382153e-12,-0.006,1.1311077e-11,-0.006,1.2752078e-11,-0.006,1.4155895e-11,-0.006,1.3781328e-11,-0.006,1.2779337e-11,-0.006,1.2308348e-11,-0.006,1.1549265e-11,-0.006,1.0931888e-11,-0.006,1.03414e-11,-0.006,9.8942772e-12,-0.006,9.5350909e-12,-0.006,9.3462015e-12,-0.006,9.1616343e-12,-0.006,8.8244141e-12,-0.006,8.5427273e-12,-0.006,8.3959542e-12,-0.006,8.3002584e-12,-0.006,8.216191e-12,-0.006,8.1791162e-12,-0.006,8.1194298e-12,-0.006,8.1055537e-12,-0.003,7.3363104e-12,-0.003,7.3961552e-12,-0.003,7.4362246e-12,-0.003,7.4713879e-12,-0.003,7.4898337e-12,-0.006,8.377884e-12,-0.003,7.6006916e-12,-0.003,7.6600267e-12,-0.006,8.7007315e-12,-0.003,7.9595584e-12,-0.003,8.0317396e-12,-0.003,8.1746184e-12,-0.003,8.3166536e-12,-0.003,8.3876056e-12,-0.003,8.5301565e-12,-0.003,8.7593731e-12
-0.013708,1.2322644e-18,-0.013876,1.2369172e-11,-0.013764,1.4605678e-11,-0.013596,1.6367911e-11,-0.01354,1.8132582e-11,-0.013092,1.7404685e-11,-0.013652,1.645466e-11,-0.013652,1.5855185e-11,-0.013092,1.4615269e-11,-0.013708,1.4124686e-11,-0.013876,1.3450813e-11,-0.013876,1.2895811e-11,-0.01382,1.2401952e-11,-0.013764,1.2135016e-11,-0.013764,1.1899159e-11,-0.01382,1.1493992e-11,-0.01382,1.115411e-11,-0.013708,1.0955701e-11,-0.013764,1.0863372e-11,-0.013652,1.0719997e-11,-0.01214,1.0127773e-11,-0.013708,1.0629513e-11,-0.013764,1.0647697e-11,-0.006938,8.4339058e-12,-0.006966,8.5094013e-12,-0.006966,8.5554832e-12,-0.006966,8.5969106e-12,-0.006938,8.6102525e-12,-0.013428,1.090827e-11,-0.006966,8.7572422e-12,-0.006966,8.832218e-12,-0.01326,1.1297234e-11,-0.006966,9.176904e-12,-0.006966,9.259374e-12,-0.006966,9.422396e-12,-0.006966,9.5842e-12,-0.006966,9.6649339e-12,-0.006966,9.8272455e-12,-0.006966,1.0091968e-11
-0.023969917,1.1084289e-19,-0.024361581,1.7493332e-11,-0.024100472,2.0539033e-11,-0.023425224,2.2621106e-11,-0.02350788,2.5167994e-11,-0.022533816,2.3760879e-11,-0.023553688,2.2835631e-11,-0.023839363,2.2226685e-11,-0.022401432,1.9920289e-11,-0.023897976,1.983427e-11,-0.024361581,1.9105903e-11,-0.024288072,1.8317388e-11,-0.02415804,1.756795e-11,-0.024028008,1.7151792e-11,-0.024028008,1.6826972e-11,-0.02415804,1.6318776e-11,-0.02415804,1.5904741e-11,-0.023897976,1.5593853e-11,-0.024028008,1.5521107e-11,-0.023767944,1.5251947e-11,-0.020314387,1.3468749e-11,-0.023897976,1.5199961e-11,-0.023955544,1.5267404e-11,-0.012180791,1.0156168e-11,-0.012246068,1.0257899e-11,-0.012246068,1.0313745e-11,-0.012246068,1.0365422e-11,-0.012180791,1.0368928e-11,-0.023247816,1.5484115e-11,-0.012246068,1.0581125e-11,-0.012246068,1.0680572e-11,-0.02285772,1.5966456e-11,-0.012246068,1.1093901e-11,-0.012246068,1.119238e-11,-0.012246068,1.1386761e-11,-0.012246068,1.1579141e-11,-0.012246068,1.1675035e-11,-0.012246068,1.1868386e-11,-0.012246068,1.2190139e-11
-0.037536172,-3.0734286e-18,-0.03822352,2.7689506e-11,-0.037765288,3.2266326e-11,-0.036327719,3.4622815e-11,-0.035662048,3.7569225e-11,-0.03510402,3.5994141e-11,-0.03664372,3.5254715e-11,-0.037307056,3.4779483e-11,-0.034708501,3.0028541e-11,-0.037369124,3.1108433e-11,-0.031292551,2.4108848e-11,-0.038052831,2.9160328e-11,-0.037824929,2.7873857e-11,-0.037597027,2.7138312e-11,-0.037597027,2.6646167e-11,-0.037824929,2.599144e-11,-0.037824929,2.5514307e-11,-0.037369124,2.4914486e-11,-0.037597027,2.4916916e-11,-0.037141222,2.4346242e-11,-0.031120926,1.9655302e-11,-0.037274018,2.4392508e-11,-0.037333644,2.4580293e-11,-0.019160693,1.3010634e-11,-0.019275599,1.3160317e-11,-0.019275599,1.3233103e-11,-0.019275599,1.3302749e-11,-0.019160693,1.3285978e-11,-0.036229613,2.4677986e-11,-0.019275599,1.3626244e-11,-0.019275599,1.3762595e-11,-0.035545906,2.5249113e-11,-0.019275599,1.4286717e-11,-0.019275599,1.4411405e-11,-0.019275599,1.4657062e-11,-0.019275599,1.4899433e-11,-0.019275599,1.5020062e-11,-0.019275599,1.5265408e-11,-0.019275599,1.5683322e-11
-0.045036172,-8.1901957e-17,-0.04572352,3.5516226e-11,-0.052765288,5.3043833e-11,-0.051327719,5.6858314e-11,-0.050662048,6.1670908e-11,-0.05010402,5.9160725e-11,-0.05164372,5.8069969e-11,-0.052307056,5.7352821e-11,-0.049708501,4.9592906e-11,-0.052369124,5.1432204e-11,-0.040519981,3.2882811e-11,-0.053052831,4.845757e-11,-0.052824929,4.6341573e-11,-0.052597027,4.5155071e-11,-0.052597027,4.438544e-11,-0.052824929,4.3469423e-11,-0.052824929,4.3010088e-11,-0.052369124,4.2072336e-11,-0.052597027,4.2130107e-11,-0.052141222,4.122065e-11,-0.038264048,2.5251088e-11,-0.052274018,4.1652594e-11,-0.052333644,4.1999566e-11,-0.028453269,1.8101393e-11,-0.028634247,1.8348333e-11,-0.028634247,1.8453317e-11,-0.028634247,1.855759e-11,-0.028453269,1.8495574e-11,-0.051229613,4.247916e-11,-0.028634247,1.9107815e-11,-0.028634247,1.9300666e-11,-0.050545906,4.3451008e-11,-0.028634247,2.0018117e-11,-0.028634247,2.0188694e-11,-0.028634247,2.052397e-11,-0.028634247,2.0853792e-11,-0.028634247,2.1018258e-11,-0.028634247,2.1359712e-11,-0.028634247,2.19477e-11
-0.055021172,-2.5896473e-19,-0.05570852,4.9496199e-11,-0.060265288,6.8043193e-11,-0.066327719,9.3491847e-11,-0.065662048,1.0136261e-10,-0.06510402,9.7365196e-11,-0.06664372,9.5788951e-11,-0.067307056,9.4723233e-11,-0.064708501,8.2026183e-11,-0.067369124,8.5177874e-11,-0.052804767,4.9770762e-11,-0.068052831,8.062978e-11,-0.067824929,7.7187514e-11,-0.067597027,7.5288236e-11,-0.067597027,7.4107467e-11,-0.067824929,7.3047751e-11,-0.067824929,7.2689297e-11,-0.067369124,7.1184296e-11,-0.067597027,7.1362994e-11,-0.067141222,6.9953744e-11,-0.047773925,3.5280585e-11,-0.067274018,7.1269749e-11,-0.067333644,7.1823657e-11,-0.040651324,2.7945048e-11,-0.041093727,2.8588862e-11,-0.04100638,2.8673548e-11,-0.041093727,2.8943888e-11,-0.040824785,2.877317e-11,-0.066229613,7.3309017e-11,-0.04100638,2.9913692e-11,-0.04100638,3.0206778e-11,-0.065545906,7.4824698e-11,-0.04100638,3.1291502e-11,-0.04100638,3.1549137e-11,-0.04100638,3.2054156e-11,-0.04100638,3.2551001e-11,-0.04100638,3.2802839e-11,-0.04100638,3.3345001e-11,-0.04100638,3.4249922e-11
-0.068221342,1.9236294e-17,-0.06890869,7.6822732e-11,-0.070250288,9.4836362e-11,-0.081327719,1.5391057e-10,-0.080662048,1.6679718e-10,-0.08010402,1.6044044e-10,-0.08164372,1.5822038e-10,-0.082307056,1.5666846e-10,-0.079708501,1.3585658e-10,-0.082369124,1.4129133e-10,-0.060304767,6.4146387e-11,-0.083052831,1.3434589e-10,-0.082824929,1.2881045e-10,-0.082597027,1.258004e-10,-0.082597027,1.2405866e-10,-0.082824929,1.2336305e-10,-0.082824929,1.2308441e-10,-0.082369124,1.2063691e-10,-0.082597027,1.2108178e-10,-0.082141222,1.1913265e-10,-0.060434741,5.5190606e-11,-0.082274018,1.2202133e-10,-0.082333644,1.2292051e-10,-0.055651324,4.7723052e-11,-0.056093727,4.8831696e-11,-0.04850638,3.7477189e-11,-0.056093727,4.9525742e-11,-0.055824785,4.9311267e-11,-0.081229613,1.2657602e-10,-0.04850638,3.9268592e-11,-0.04850638,3.9644144e-11,-0.080545906,1.2888202e-10,-0.04850638,4.1036774e-11,-0.04850638,4.1367251e-11,-0.04850638,4.2014177e-11,-0.04850638,4.2653985e-11,-0.04850638,4.2984614e-11,-0.04850638,4.3707067e-11,-0.04850638,4.4859056e-11
-0.075721342,-3.2928678e-17,-0.07640869,9.8659378e-11,-0.083450458,1.4721087e-10,-0.096327719,2.536582e-10,-0.095662048,2.7476189e-10,-0.09510402,2.6467246e-10,-0.09664372,2.6167859e-10,-0.097307056,2.5946481e-10,-0.094708501,2.2528959e-10,-0.097369124,2.3474022e-10,-0.070289767,8.9995142e-11,-0.098052831,2.2417566e-10,-0.097824929,2.1537864e-10,-0.097597027,2.1069311e-10,-0.097597027,2.083741e-10,-0.097824929,2.0899851e-10,-0.097824929,2.0873184e-10,-0.097369124,2.0472544e-10,-0.097597027,2.0580402e-10,-0.097141222,2.0389661e-10,-0.075434741,9.4207526e-11,-0.097274018,2.0901909e-10,-0.097333644,2.105245e-10,-0.070651324,8.1598447e-11,-0.071093727,8.3527037e-11,-0.05849138,5.3562645e-11,-0.071093727,8.4999309e-11,-0.070824785,8.4881706e-11,-0.096229613,2.1850043e-10,-0.05849138,5.6428666e-11,-0.05842138,5.6805849e-11,-0.095545906,2.2195763e-10,-0.05849138,5.8890475e-11,-0.05849138,5.9350194e-11,-0.05849138,6.025023e-11,-0.05849138,6.1156468e-11,-0.05849138,6.1639457e-11,-0.05842138,6.2533414e-11,-0.05849138,6.4241527e-11
-0.085706342,6.0053852e-19,-0.08639369,1.3771197e-10,-0.090950458,1.8906406e-10,-0.11132772,4.1846296e-10,-0.11066205,4.5304136e-10,-0.11010402,4.3705337e-10,-0.11164372,4.3327924e-10,-0.11230706,4.3021578e-10,-0.1097085,3.740074e-10,-0.11236912,3.9058993e-10,-0.083489937,1.4097224e-10,-0.11305283,3.7463913e-10,-0.11282493,3.6087481e-10,-0.11259703,3.5386416e-10,-0.11259703,3.5160087e-10,-0.11282493,3.5468808e-10,-0.11282493,3.5437693e-10,-0.11236912,3.4783695e-10,-0.11259703,3.5075891e-10,-0.11214122,3.4986245e-10,-0.090434741,1.6143771e-10,-0.11227402,3.5822076e-10,-0.11233364,3.6080037e-10,-0.085651324,1.3967398e-10,-0.086093727,1.4305514e-10,-0.07169155,8.5975528e-11,-0.086093727,1.4650631e-10,-0.085824785,1.4662497e-10,-0.11122961,3.7696332e-10,-0.07169155,9.1154169e-11,-0.07152901,9.1418062e-11,-0.11054591,3.8206096e-10,-0.07169155,9.4959509e-11,-0.07169155,9.5669756e-11,-0.07169155,9.7071434e-11,-0.07169155,9.8547748e-11,-0.07169155,9.9354662e-11,-0.07152901,1.0042216e-10,-0.07169155,1.0325054e-10
-0.098906512,-1.0496549e-18,-0.09959386,2.1416561e-10,-0.10093546,2.6391338e-10,-0.12632772,6.9096237e-10,-0.12566205,7.4757564e-10,-0.12510402,7.2231269e-10,-0.12664372,7.1813066e-10,-0.12730706,7.1403012e-10,-0.1247085,6.2149668e-10,-0.12736912,6.5089389e-10,-0.090989937,1.8201111e-10,-0.12805283,6.2706487e-10,-0.12782493,6.0609413e-10,-0.12759703,5.9658539e-10,-0.12759703,5.9609506e-10,-0.12782493,6.0253624e-10,-0.12782493,6.0215337e-10,-0.12736912,5.9170396e-10,-0.12759703,6.0054763e-10,-0.12714122,6.0035558e-10,-0.10543474,2.7687074e-10,-0.12727402,6.1417715e-10,-0.12733364,6.1867038e-10,-0.10065132,2.3931378e-10,-0.10109373,2.4529864e-10,-0.08669155,1.4745377e-10,-0.10109373,2.532562e-10,-0.10082479,2.5342143e-10,-0.12622961,6.4973893e-10,-0.07919155,1.1971053e-10,-0.07902901,1.2002971e-10,-0.12554591,6.5715526e-10,-0.07919155,1.245795e-10,-0.07919155,1.2548942e-10,-0.07919155,1.2730724e-10,-0.07919155,1.2927995e-10,-0.07919155,1.3035116e-10,-0.08652901,1.7253145e-10,-0.08669155,1.7695778e-10
-0.10640651,-8.1274927e-20,-0.10709386,2.7533337e-10,-0.11413563,4.1043894e-10,-0.14132772,1.1417466e-09,-0.14066205,1.2343138e-09,-0.14010402,1.1944959e-09,-0.14164372,1.1911786e-09,-0.14230706,1.1859359e-09,-0.1397085,1.0336451e-09,-0.14236912,1.0862914e-09,-0.10097494,2.5587876e-10,-0.14305283,1.0512244e-09,-0.14282493,1.0210681e-09,-0.14259703,1.0106383e-09,-0.14259703,1.0130711e-09,-0.14282493,1.0241388e-09,-0.14282493,1.0238285e-09,-0.14236912,1.0084318e-09,-0.14259703,1.0311345e-09,-0.14214122,1.0299084e-09,-0.12043474,4.7484224e-10,-0.14227402,1.0532878e-09,-0.14233364,1.0612006e-09,-0.11565132,4.1036887e-10,-0.11609373,4.2122916e-10,-0.10169155,2.5362445e-10,-0.11609373,4.3774052e-10,-0.11582479,4.3767673e-10,-0.14122961,1.1184366e-09,-0.08917655,1.7206053e-10,-0.08901401,1.7246704e-10,-0.14054591,1.1293735e-09,-0.08917655,1.7881415e-10,-0.08917655,1.8008495e-10,-0.08917655,1.8269567e-10,-0.08910655,1.8513701e-10,-0.08910655,1.8660892e-10,-0.10152901,2.9610954e-10,-0.10169155,3.0301617e-10
-0.11632151,-2.0907957e-18,-0.11707886,3.8483076e-10,-0.12163563,5.276597e-10,-0.15632772,1.8877302e-09,-0.15566205,2.0386163e-09,-0.15510402,1.9760352e-09,-0.15664372,1.9768213e-09,-0.15730706,1.9706081e-09,-0.1547085,1.7203874e-09,-0.15736912,1.8153335e-09,-0.11417511,4.0172917e-10,-0.15805283,1.7651548e-09,-0.15782493,1.7274179e-09,-0.15759703,1.7177073e-09,-0.15759703,1.7228425e-09,-0.15782493,1.7410947e-09,-0.15782493,1.7418157e-09,-0.15736912,1.7251355e-09,-0.15759703,1.769966e-09,-0.15714122,1.7661863e-09,-0.13543474,8.1436218e-10,-0.15727402,1.8064215e-09,-0.15733364,1.8206497e-09,-0.13065132,7.04216e-10,-0.13109373,7.2527013e-10,-0.11669155,4.3793596e-10,-0.13109373,7.5569914e-10,-0.13082479,7.5503206e-10,-0.15622961,1.9218916e-09,-0.10237672,2.7787213e-10,-0.10221418,2.7841749e-10,-0.15554591,1.9393953e-09,-0.10237672,2.8828213e-10,-0.10237672,2.9029965e-10,-0.10237672,2.9465066e-10,-0.10221418,2.9747202e-10,-0.10221418,2.9957835e-10,-0.11652901,5.0760552e-10,-0.11669155,5.1824953e-10
-0.12942914,1.0238586e-18,-0.13027903,5.9943101e-10,-0.13162063,7.3747703e-10,-0.17132772,3.1221862e-09,-0.17066205,3.367027e-09,-0.17010402,3.2689189e-09,-0.17164372,3.2810698e-09,-0.17230706,3.2748494e-09,-0.1697085,2.8651169e-09,-0.17236912,3.03661e-09,-0.12167511,5.1927654e-10,-0.17305283,2.9692762e-09,-0.17282493,2.9338292e-09,-0.17259703,2.9214915e-09,-0.17259703,2.9293167e-09,-0.17282493,2.9597123e-09,-0.17282493,2.9663661e-09,-0.17236912,2.9601208e-09,-0.17259703,3.035231e-09,-0.17214122,3.0270913e-09,-0.15043474,1.396512e-09,-0.17227402,3.0974665e-09,-0.17233364,3.1246802e-09,-0.14565132,1.209774e-09,-0.14609373,1.252687e-09,-0.13169155,7.5722095e-10,-0.14609373,1.3025552e-09,-0.14582479,1.3005485e-09,-0.17122961,3.2948342e-09,-0.11737672,4.7874206e-10,-0.11721418,4.794717e-10,-0.17054591,3.3216797e-09,-0.11737672,4.9590038e-10,-0.11737672,4.9949111e-10,-0.11737672,5.0709842e-10,-0.11721418,5.1104161e-10,-0.11721418,5.1424343e-10,-0.13152901,8.6867624e-10,-0.13169155,8.8544238e-10
-0.13692914,-2.8316868e-18,-0.13777903,7.712568e-10,-0.1448208,1.1486124e-09,-0.18632772,5.1640646e-09,-0.18566205,5.5590563e-09,-0.18510402,5.4055119e-09,-0.18664372,5.4440781e-09,-0.18730706,5.4408721e-09,-0.1847085,4.7735901e-09,-0.18736912,5.0822481e-09,-0.13166011,7.3110041e-10,-0.18805283,5.0062487e-09,-0.18782493,4.9878881e-09,-0.18759703,4.9657781e-09,-0.18759703,4.9771061e-09,-0.18782493,5.0298783e-09,-0.18782493,5.0651886e-09,-0.18736912,5.0755605e-09,-0.18759703,5.1982566e-09,-0.18714122,5.1829473e-09,-0.16543474,2.3940805e-09,-0.18727402,5.3103039e-09,-0.18733364,5.3688823e-09,-0.16065132,2.083059e-09,-0.16109373,2.1628659e-09,-0.14669155,1.3073985e-09,-0.16109373,2.2406356e-09,-0.16082479,2.2358303e-09,-0.18622961,5.6314934e-09,-0.13237672,8.2395805e-10,-0.13221418,8.2487805e-10,-0.18554591,5.6659613e-09,-0.13237672,8.5296324e-10,-0.13237672,8.5929702e-10,-0.13237672,8.7100559e-10,-0.13221418,8.7642636e-10,-0.13221418,8.8131775e-10,-0.14652901,1.4836633e-09,-0.14669155,1.5108637e-09
-0.14684414,7.0272683e-18,-0.14769403,1.076462e-09,-0.1598208,1.9013753e-09,-0.20132772,8.538055e-09,-0.20066205,9.1712147e-09,-0.20010402,8.9312283e-09,-0.20164372,9.0255208e-09,-0.20230706,9.0331627e-09,-0.1997085,7.9548327e-09,-0.20236912,8.5064612e-09,-0.14486028,1.1500401e-09,-0.20305283,8.4653553e-09,-0.20282493,8.4706564e-09,-0.20259703,8.4289551e-09,-0.20259703,8.4462524e-09,-0.20282493,8.5465969e-09,-0.20282493,8.668728e-09,-0.20236912,8.6839135e-09,-0.20259703,8.8857574e-09,-0.20214122,8.8588283e-09,-0.18043474,4.1014001e-09,-0.20227402,9.1059967e-09,-0.20233364,9.2197121e-09,-0.17565132,3.5923654e-09,-0.17609373,3.7237099e-09,-0.16169155,2.2523412e-09,-0.17609373,3.8440931e-09,-0.17582479,3.8336785e-09,-0.20122961,9.5950457e-09,-0.14737672,1.4161132e-09,-0.14721418,1.4172271e-09,-0.20054591,9.6245982e-09,-0.14737672,1.465469e-09,-0.14737672,1.4750296e-09,-0.14737672,1.4926781e-09,-0.14721418,1.4999239e-09,-0.14721418,1.5071057e-09,-0.16152901,2.5288374e-09,-0.16169155,2.5742731e-09
-0.15995177,-2.7824725e-16,-0.16080166,1.6731757e-09,-0.1748208,3.1485222e-09,-0.21632772,1.4103028e-08,-0.21566205,1.5112624e-08,-0.21510402,1.4738409e-08,-0.21664372,1.4942833e-08,-0.21730706,1.4979231e-08,-0.2147085,1.3253471e-08,-0.21736912,1.4229911e-08,-0.15986028,1.9261723e-09,-0.21805283,1.4337901e-08,-0.21782493,1.435291e-08,-0.21759703,1.4277766e-08,-0.21759703,1.4308572e-08,-0.21782493,1.4532792e-08,-0.21782493,1.4805705e-08,-0.21736912,1.4812028e-08,-0.21759703,1.5145275e-08,-0.21714122,1.5102383e-08,-0.19543474,7.0174391e-09,-0.21727402,1.5577651e-08,-0.21733364,1.5752929e-08,-0.19065132,6.1778192e-09,-0.19109373,6.3867819e-09,-0.17669155,3.8694457e-09,-0.19109373,6.5720697e-09,-0.19082479,6.5509427e-09,-0.21622961,1.6283917e-08,-0.16237672,2.429384e-09,-0.16221418,2.4310631e-09,-0.21554591,1.6282178e-08,-0.16237672,2.5102213e-09,-0.16237672,2.5245553e-09,-0.16237672,2.5511749e-09,-0.16221418,2.5596455e-09,-0.16221418,2.5703202e-09,-0.17652901,4.299965e-09,-0.17669155,4.3807402e-09
-0.17495177,5.8202671e-18,-0.17580166,2.7720729e-09,-0.1898208,5.2138303e-09,-0.23132772,2.3254574e-08,-0.23066205,2.486084e-08,-0.23010402,2.4280858e-08,-0.23164372,2.4693391e-08,-0.23230706,2.4795798e-08,-0.2297085,2.2062098e-08,-0.23236912,2.3771883e-08,-0.17486028,3.2290956e-09,-0.23305283,2.4236872e-08,-0.23282493,2.4241968e-08,-0.23259703,2.4116468e-08,-0.23259703,2.4186527e-08,-0.23282493,2.4717836e-08,-0.23282493,2.5177626e-08,-0.23236912,2.5161467e-08,-0.23259703,2.5714262e-08,-0.23214122,2.5670477e-08,-0.21043474,1.1984259e-08,-0.23227402,2.648885e-08,-0.23233364,2.675157e-08,-0.20565132,1.0572234e-08,-0.20609373,1.0904531e-08,-0.19169155,6.6235923e-09,-0.20609373,1.1190157e-08,-0.20582479,1.1150524e-08,-0.23122961,2.7500122e-08,-0.17737672,4.1586443e-09,-0.17721418,4.1622765e-09,-0.23054591,2.7431586e-08,-0.17737672,4.2846452e-09,-0.17737672,4.3061192e-09,-0.17737672,4.3449398e-09,-0.17721418,4.3547306e-09,-0.17721418,4.3715878e-09,-0.19152901,7.2975882e-09,-0.19169155,7.4355067e-09
-0.18995177,-1.1755724e-16,-0.19080166,4.5917111e-09,-0.2048208,8.6302581e-09,-0.24632772,3.8235554e-08,-0.24566205,4.0797895e-08,-0.24510402,3.9910806e-08,-0.24664372,4.0705536e-08,-0.24730706,4.0947108e-08,-0.2447085,3.6655212e-08,-0.24736912,3.96189e-08,-0.18986028,5.4173985e-09,-0.24805283,4.0787299e-08,-0.24782493,4.077675e-08,-0.24759703,4.0593129e-08,-0.24759703,4.0796459e-08,-0.24782493,4.1870308e-08,-0.24782493,4.258589e-08,-0.24736912,4.252989e-08,-0.24759703,4.3461389e-08,-0.24714122,4.3485035e-08,-0.22543474,2.0426397e-08,-0.24727402,4.4748384e-08,-0.24733364,4.5150165e-08,-0.22065132,1.7995271e-08,-0.22109373,1.8526984e-08,-0.20669155,1.1289082e-08,-0.22109373,1.897685e-08,-0.22082479,1.8912965e-08,-0.24622961,4.6205832e-08,-0.19237672,7.0978254e-09,-0.19221418,7.0984095e-09,-0.24554591,4.6021083e-08,-0.19237672,7.2847639e-09,-0.19237672,7.3159459e-09,-0.19237672,7.373546e-09,-0.19221418,7.3867866e-09,-0.19221418,7.4145846e-09,-0.20652901,1.2359561e-08,-0.20669155,1.258706e-08
-0.20495177,-6.8756394e-18,-0.20580166,7.6000102e-09,-0.2198208,1.4270274e-08,-0.26132772,6.2590031e-08,-0.26066205,6.6715628e-08,-0.26010402,6.5392299e-08,-0.26164372,6.6876247e-08,-0.26230706,6.7396253e-08,-0.2597085,6.0704969e-08,-0.26236912,6.5798515e-08,-0.20486028,9.0930214e-09,-0.26305283,6.8240277e-08,-0.26282493,6.8255309e-08,-0.26259703,6.8072182e-08,-0.26259703,6.8629227e-08,-0.26282493,7.0457359e-08,-0.26282493,7.1574286e-08,-0.26236912,7.1459636e-08,-0.26259703,7.3089386e-08,-0.26214122,7.3160996e-08,-0.24043474,3.4690305e-08,-0.26227402,7.5062014e-08,-0.26233364,7.5685378e-08,-0.23565132,3.0464588e-08,-0.23609373,3.1321799e-08,-0.22169155,1.9153847e-08,-0.23609373,3.2062352e-08,-0.23582479,3.1939863e-08,-0.26122961,7.7163176e-08,-0.20737672,1.2058643e-08,-0.20721418,1.2051046e-08,-0.26054591,7.6818349e-08,-0.20737672,1.2335653e-08,-0.20737672,1.2382657e-08,-0.20737672,1.2474572e-08,-0.20721418,1.2497963e-08,-0.20721418,1.2550768e-08,-0.22152901,2.0869084e-08,-0.22169155,2.1245821e-08
-0.21995177,-8.9361718e-17,-0.22080166,1.2559678e-08,-0.2348208,2.3549451e-08,-0.27632772,1.0177306e-07,-0.27566205,1.0853337e-07,-0.27510402,1.0664786e-07,-0.27664372,1.0935572e-07,-0.27730706,1.1041149e-07,-0.2747085,1.0004619e-07,-0.27736912,1.0873453e-07,-0.21986028,1.5264726e-08,-0.27805283,1.1335349e-07,-0.27782493,1.1359574e-07,-0.27759703,1.1361506e-07,-0.27759703,1.1468718e-07,-0.27782493,1.1758124e-07,-0.27782493,1.1933954e-07,-0.27736912,1.1917457e-07,-0.27759703,1.2201548e-07,-0.27714122,1.2194816e-07,-0.25543474,5.8506099e-08,-0.27727402,1.2484068e-07,-0.27733364,1.2581254e-07,-0.25065132,5.1279731e-08,-0.25109373,5.2670094e-08,-0.23669155,3.2351381e-08,-0.25109373,5.3865021e-08,-0.25082479,5.3625446e-08,-0.27622961,1.2784594e-07,-0.22237672,2.0395426e-08,-0.22221418,2.0372428e-08,-0.27554591,1.2737389e-07,-0.22237672,2.08137e-08,-0.22237672,2.0889892e-08,-0.22237672,2.1046743e-08,-0.22221418,2.1106297e-08,-0.22221418,2.1196207e-08,-0.23652901,3.5113588e-08,-0.23669155,3.5725834e-08
-0.23495177,4.2897002e-16,-0.23580166,2.0699491e-08,-0.2498208,3.8732554e-08,-0.29132772,1.6384547e-07,-0.29066205,1.7522083e-07,-0.29010402,1.7276355e-07,-0.29164372,1.7760757e-07,-0.29230706,1.7965117e-07,-0.2897085,1.6372523e-07,-0.29236912,1.7841021e-07,-0.23486028,2.5619805e-08,-0.29305283,1.8655273e-07,-0.29282493,1.8760366e-07,-0.29259703,1.8791584e-07,-0.29259703,1.8961057e-07,-0.29282493,1.9411256e-07,-0.29282493,1.9688833e-07,-0.29236912,1.9680588e-07,-0.29259703,2.0128737e-07,-0.29214122,2.0091005e-07,-0.27043474,9.7851764e-08,-0.29227402,2.0530537e-07,-0.29233364,2.0682035e-07,-0.26565132,8.5739236e-08,-0.26609373,8.8032002e-08,-0.25169155,5.4394787e-08,-0.26609373,8.9854279e-08,-0.26582479,8.9428144e-08,-0.29122961,2.0952454e-07,-0.23737672,3.4339897e-08,-0.23721418,3.4285656e-08,-0.29054591,2.088673e-07,-0.23737672,3.4994343e-08,-0.23737672,3.5126875e-08,-0.23737672,3.5423018e-08,-0.23721418,3.5520441e-08,-0.23721418,3.5666081e-08,-0.25152901,5.8794433e-08,-0.25169155,5.9776892e-08
-0.24995177,-4.8448579e-19,-0.25080166,3.3962936e-08,-0.2648208,6.3363499e-08,-0.30632772,2.6000109e-07,-0.30566205,2.797694e-07,-0.30510402,2.7715657e-07,-0.30664372,2.8565312e-07,-0.30730706,2.894219e-07,-0.3047085,2.6525876e-07,-0.30736912,2.8964223e-07,-0.24986028,4.2957619e-08,-0.30805283,3.03258e-07,-0.30782493,3.0593729e-07,-0.30759703,3.0641739e-07,-0.30759703,3.0894836e-07,-0.30782493,3.1583356e-07,-0.30782493,3.2021713e-07,-0.30736912,3.2023773e-07,-0.30759703,3.2683463e-07,-0.30714122,3.2593187e-07,-0.28543474,1.619997e-07,-0.30727402,3.3256417e-07,-0.30733364,3.349967e-07,-0.28065132,1.4215126e-07,-0.28109373,1.4590589e-07,-0.26669155,9.0840195e-08,-0.28109373,1.4854969e-07,-0.28082479,1.4781737e-07,-0.30622961,3.3841852e-07,-0.25237672,5.7514439e-08,-0.25221418,5.7410014e-08,-0.30554591,3.3730906e-07,-0.25237672,5.860989e-08,-0.25237672,5.8859448e-08,-0.25237672,5.934973e-08,-0.25221418,5.9495451e-08,-0.25221418,5.9728755e-08,-0.26652901,9.7781306e-08,-0.26669155,9.9334098e-08
-0.26495177,-8.7367837e-19,-0.26580166,5.5335875e-08,-0.2798208,1.0279657e-07,-0.32132772,4.0444783e-07,-0.32066205,4.3980181e-07,-0.32010402,4.3856709e-07,-0.32164372,4.5315708e-07,-0.32230706,4.5975088e-07,-0.3197085,4.238018e-07,-0.32236912,4.6300145e-07,-0.26486028,7.178731e-08,-0.32305283,4.8497543e-07,-0.32282493,4.8981863e-07,-0.32259703,4.9035114e-07,-0.32259703,4.9402778e-07,-0.32282493,5.0434376e-07,-0.32282493,5.1127529e-07,-0.32236912,5.1094635e-07,-0.32259703,5.2052409e-07,-0.32214122,5.1883867e-07,-0.30043474,2.6460052e-07,-0.32227402,5.2902532e-07,-0.32233364,5.3268377e-07,-0.29565132,2.3299843e-07,-0.29609373,2.3866575e-07,-0.28169155,1.5024721e-07,-0.29609373,2.4253863e-07,-0.29582479,2.4133471e-07,-0.32122961,5.3705146e-07,-0.26737672,9.5716518e-08,-0.26721418,9.5543603e-08,-0.32054591,5.3495845e-07,-0.26737672,9.7617013e-08,-0.26737672,9.8011386e-08,-0.26737672,9.8780809e-08,-0.26721418,9.8984601e-08,-0.26721418,9.9348028e-08,-0.28152901,1.6106646e-07,-0.28169155,1.6347888e-07
-0.27995177,8.8757836e-17,-0.28080166,8.9200596e-08,-0.2948208,1.6468743e-07,-0.33632772,6.1312427e-07,-0.33566205,6.7735675e-07,-0.33510402,6.8158896e-07,-0.33664372,7.0602027e-07,-0.33730706,7.1691375e-07,-0.3347085,6.6475614e-07,-0.33736912,7.2510706e-07,-0.27986028,1.191501e-07,-0.33805283,7.5938675e-07,-0.33782493,7.6666261e-07,-0.33759703,7.6718013e-07,-0.33759703,7.7241965e-07,-0.33782493,7.8764377e-07,-0.33782493,7.9803028e-07,-0.33736912,7.9688668e-07,-0.33759703,8.1058371e-07,-0.33714122,8.0791639e-07,-0.31543474,4.2473579e-07,-0.33727402,8.2309652e-07,-0.33733364,8.2809128e-07,-0.31065132,3.7558143e-07,-0.31109373,3.8398087e-07,-0.29669155,2.4535062e-07,-0.31109373,3.8972756e-07,-0.31082479,3.878524e-07,-0.33622961,8.3380099e-07,-0.28237672,1.5793031e-07,-0.28221418,1.5768717e-07,-0.33554591,8.301387e-07,-0.28237672,1.6105756e-07,-0.28237672,1.6165953e-07,-0.28237672,1.6283346e-07,-0.28221418,1.6309645e-07,-0.28221418,1.6364971e-07,-0.29652901,2.6182995e-07,-0.29669155,2.6550767e-07
-0.28745177,9.7233366e-19,-0.29580166,1.4154469e-07,-0.3098208,2.5909613e-07,-0.35132772,9.0060377e-07,-0.35066205,1.0167232e-06,-0.35010402,1.035848e-06,-0.35164372,1.0759875e-06,-0.35230706,1.0929972e-06,-0.3497085,1.0194495e-06,-0.35236912,1.1081569e-06,-0.29486028,1.9580596e-07,-0.35305283,1.1593247e-06,-0.35282493,1.1692466e-06,-0.35259703,1.1697082e-06,-0.35259703,1.1770428e-06,-0.35282493,1.1992189e-06,-0.35282493,1.213638e-06,-0.35236912,1.2115373e-06,-0.35259703,1.2307826e-06,-0.35214122,1.2273092e-06,-0.33043474,6.6803805e-07,-0.35227402,1.2484565e-06,-0.35233364,1.2552277e-06,-0.32565132,5.9353138e-07,-0.32609373,6.0598963e-07,-0.31169155,3.9417658e-07,-0.32609373,6.1453446e-07,-0.32582479,6.1177099e-07,-0.35122961,1.262649e-06,-0.29737672,2.5743191e-07,-0.29721418,2.5708359e-07,-0.35054591,1.2567518e-06,-0.29737672,2.6219364e-07,-0.29737672,2.6309158e-07,-0.29737672,2.6484314e-07,-0.29721418,2.6516287e-07,-0.29721418,2.6598933e-07,-0.31152901,4.1882975e-07,-0.31169155,4.2433701e-07
-0.29743677,-3.6911093e-18,-0.29603603,1.4254709e-07,-0.3248208,3.9769954e-07,-0.36632772,1.2752682e-06,-0.36566205,1.480011e-06,-0.36510402,1.5335121e-06,-0.36664372,1.5989737e-06,-0.36730706,1.6243912e-06,-0.3647085,1.5236674e-06,-0.36736912,1.6482451e-06,-0.30986028,3.175207e-07,-0.36805283,1.7211616e-06,-0.36782493,1.7343233e-06,-0.36759703,1.7348126e-06,-0.36759703,1.7450876e-06,-0.36782493,1.776373e-06,-0.36782493,1.7957767e-06,-0.36736912,1.7925495e-06,-0.36759703,1.8193042e-06,-0.36714122,1.8152546e-06,-0.34543474,1.0263286e-06,-0.36727402,1.8432948e-06,-0.36733364,1.8524794e-06,-0.34065132,9.1683858e-07,-0.34109373,9.3485735e-07,-0.32669155,6.212283e-07,-0.34109373,9.4740478e-07,-0.34082479,9.4339945e-07,-0.36622961,1.8619597e-06,-0.31237672,4.128973e-07,-0.31221418,4.122744e-07,-0.36554591,1.8531578e-06,-0.31237672,4.1986719e-07,-0.31237672,4.2118337e-07,-0.31237672,4.2375772e-07,-0.31221418,4.2413515e-07,-0.31221418,4.2535089e-07,-0.32652901,6.5708988e-07,-0.32669155,6.651075e-07
-0.31073014,-1.4403727e-17,-0.29619096,1.4321314e-07,-0.3398208,5.9180472e-07,-0.38132772,1.7366053e-06,-0.38066205,2.0811134e-06,-0.38010402,2.2040094e-06,-0.38164372,2.3117187e-06,-0.38230706,2.3488843e-06,-0.3797085,2.2151143e-06,-0.38236912,2.382883e-06,-0.32486028,5.0600323e-07,-0.38305283,2.4824534e-06,-0.38282493,2.4997008e-06,-0.38259703,2.5005498e-06,-0.38259703,2.5149445e-06,-0.38282493,2.5571779e-06,-0.38282493,2.5829557e-06,-0.38236912,2.5789321e-06,-0.38259703,2.6157093e-06,-0.38214122,2.6104031e-06,-0.36043474,1.5360751e-06,-0.38227402,2.6469589e-06,-0.38233364,2.6591602e-06,-0.35565132,1.3808691e-06,-0.35609373,1.4062479e-06,-0.34169155,9.5703241e-07,-0.35609373,1.4239591e-06,-0.35582479,1.4181506e-06,-0.38122961,2.6709572e-06,-0.32737672,6.4928169e-07,-0.32721418,6.4824758e-07,-0.38054591,2.6585623e-06,-0.32737672,6.5926217e-07,-0.32737672,6.611523e-07,-0.32737672,6.6484002e-07,-0.32721418,6.6524281e-07,-0.32721418,6.669833e-07,-0.34152901,1.0072576e-06,-0.34169155,1.0185708e-06
-0.31823014,-1.263338e-18,-0.29629408,1.4365805e-07,-0.3548208,8.4936801e-07,-0.39632772,2.2757059e-06,-0.39566205,2.8204621e-06,-0.39510402,3.0666154e-06,-0.39664372,3.2464501e-06,-0.39730706,3.3015336e-06,-0.3947085,3.1305832e-06,-0.39736912,3.3480876e-06,-0.33986028,7.8916321e-07,-0.39805283,3.4789146e-06,-0.39782493,3.501489e-06,-0.39759703,3.5033971e-06,-0.39759703,3.5229919e-06,-0.39782493,3.5781951e-06,-0.39782493,3.6120846e-06,-0.39736912,3.6080733e-06,-0.39759703,3.6569583e-06,-0.39714122,3.6499243e-06,-0.37543474,2.2359141e-06,-0.39727402,3.6969538e-06,-0.39733364,3.7127583e-06,-0.37065132,2.0245349e-06,-0.37109373,2.0591931e-06,-0.35669155,1.4375828e-06,-0.37109373,2.0830116e-06,-0.37082479,2.074941e-06,-0.39622961,3.7276204e-06,-0.34237672,9.9737961e-07,-0.34221418,9.9575476e-07,-0.39554591,3.711198e-06,-0.34237672,1.01126e-06,-0.34237672,1.0138653e-06,-0.34237672,1.0190044e-06,-0.34221418,1.0193562e-06,-0.34221418,1.021793e-06,-0.35652901,1.5057281e-06,-0.35669155,1.5212672e-06
-0.32821514,1.9776917e-16,-0.29631149,1.4373325e-07,-0.3698208,1.1719738e-06,-0.41132772,2.8770654e-06,-0.40316205,3.2379499e-06,-0.41010402,4.1235083e-06,-0.41164372,4.4242824e-06,-0.41230706,4.5096136e-06,-0.4097085,4.3028198e-06,-0.41236912,4.5757233e-06,-0.35486028,1.2003437e-06,-0.41305283,4.7420349e-06,-0.41282493,4.7717474e-06,-0.41259703,4.7755757e-06,-0.41259703,4.8012969e-06,-0.41282493,4.8720233e-06,-0.41282493,4.9161593e-06,-0.41236912,4.9135486e-06,-0.41259703,4.976026e-06,-0.41214122,4.9675891e-06,-0.39043474,3.1642685e-06,-0.41227402,5.0272241e-06,-0.41233364,5.0472926e-06,-0.38565132,2.8869326e-06,-0.38609373,2.9326768e-06,-0.37169155,2.1018497e-06,-0.38609373,2.9634959e-06,-0.38582479,2.9527365e-06,-0.41122961,5.0669288e-06,-0.35737672,1.4934368e-06,-0.35721418,1.4910204e-06,-0.41054591,5.0464253e-06,-0.35737672,1.5122204e-06,-0.35737672,1.515776e-06,-0.35737672,1.5227086e-06,-0.35721418,1.5230027e-06,-0.35721418,1.5262735e-06,-0.37152901,2.1915138e-06,-0.37169155,2.2121852e-06
-0.33486182,-1.7110869e-17,-,-,-0.3848208,1.5537997e-06,-0.42632772,3.5222605e-06,-0.41307705,3.8326139e-06,-0.42510402,5.3572193e-06,-0.42664372,5.8486382e-06,-0.42730706,5.9869815e-06,-0.4247085,5.7584549e-06,-0.42736912,6.0923745e-06,-0.36986028,1.7763933e-06,-0.42805283,6.297853e-06,-0.42782493,6.336926e-06,-0.42759703,6.3434804e-06,-0.42759703,6.3763963e-06,-0.42782493,6.4654954e-06,-0.42782493,6.5223311e-06,-0.42736912,6.5225637e-06,-0.42759703,6.6002726e-06,-0.42714122,6.5913018e-06,-0.40543474,4.3568483e-06,-0.42727402,6.6657878e-06,-0.42733364,6.690776e-06,-0.40065132,4.0049958e-06,-0.40109373,4.0634983e-06,-0.38669155,2.988562e-06,-0.40109373,4.1025636e-06,-0.40082479,4.0887858e-06,-0.42622961,6.718077e-06,-0.37237672,2.1765531e-06,-0.37221418,2.1731384e-06,-0.42554591,6.6939397e-06,-0.37237672,2.2012994e-06,-0.37237672,2.2059807e-06,-0.37237672,2.2150998e-06,-0.37221418,2.2152451e-06,-0.37221418,2.2195418e-06,-0.38652901,3.103601e-06,-0.38669155,3.1303164e-06
-0.34371077,-2.6455861e-17,-,-,-0.3923208,1.763471e-06,-0.44132772,4.1930223e-06,-0.42618468,4.6806964e-06,-0.44010402,6.7338352e-06,-0.44164372,7.5001779e-06,-0.44230706,7.7270584e-06,-0.4397085,7.5140106e-06,-0.44236912,7.9171703e-06,-0.38486028,2.5549535e-06,-0.44305283,8.1647909e-06,-0.44282493,8.2155384e-06,-0.44259703,8.2256715e-06,-0.44259703,8.266983e-06,-0.44282493,8.3773963e-06,-0.44282493,8.4495759e-06,-0.44236912,8.4541677e-06,-0.44259703,8.5491918e-06,-0.44214122,8.5410071e-06,-0.42043474,5.8446277e-06,-0.44227402,8.6328499e-06,-0.44233364,8.6634837e-06,-0.41565132,5.4117066e-06,-0.41609373,5.4845816e-06,-0.40169155,4.134621e-06,-0.41609373,5.5334575e-06,-0.41582479,5.5164653e-06,-0.44122961,8.7028365e-06,-0.38737672,3.0855903e-06,-0.38721418,3.0809935e-06,-0.44054591,8.676106e-06,-0.38737672,3.1173744e-06,-0.38737672,3.123369e-06,-0.38737672,3.1350605e-06,-0.38721418,3.1350216e-06,-0.38721418,3.140528e-06,-0.40152901,4.2797715e-06,-0.40169155,4.3135266e-06
-0.34960122,-9.8408876e-18,-,-,-0.4021658,2.0538434e-06,-0.45632772,4.8719785e-06,-0.44118468,5.71428e-06,-0.45510402,8.2103292e-06,-0.45664372,9.3376278e-06,-0.45730706,9.6988859e-06,-0.4547085,9.5700951e-06,-0.45736912,1.0060116e-05,-0.39986028,3.5713265e-06,-0.45805283,1.0353303e-05,-0.45782493,1.0418006e-05,-0.45759703,1.0432721e-05,-0.45759703,1.0483664e-05,-0.45782493,1.061834e-05,-0.45782493,1.0708625e-05,-0.45736912,1.0719526e-05,-0.45759703,1.0834217e-05,-0.45714122,1.082872e-05,-0.43543474,7.651274e-06,-0.45727402,1.0940671e-05,-0.45733364,1.0977881e-05,-0.43065132,7.1335658e-06,-0.43109373,7.2224701e-06,-0.41669155,5.572957e-06,-0.43109373,7.2829413e-06,-0.43082479,7.2627243e-06,-0.45622961,1.1035203e-05,-0.40237672,4.2577246e-06,-0.40221418,4.2518177e-06,-0.45554591,1.1007536e-05,-0.40237672,4.297813e-06,-0.40237672,4.3053741e-06,-0.40237672,4.3200966e-06,-0.40221418,4.3199071e-06,-0.40221418,4.3268346e-06,-0.41652901,5.753643e-06,-0.41669155,5.7953927e-06
-0.35744337,-4.0291516e-18,-,-,-0.40867334,2.2532767e-06,-0.46382772,5.2093335e-06,-0.45618468,6.7876152e-06,-0.47010402,9.7432028e-06,-0.47164372,1.1305548e-05,-0.47230706,1.1849994e-05,-0.4697085,1.190554e-05,-0.47236912,1.2519672e-05,-0.41486028,4.8562343e-06,-0.47305283,1.2866713e-05,-0.47282493,1.2947498e-05,-0.47259703,1.2967899e-05,-0.47259703,1.302966e-05,-0.47282493,1.3191254e-05,-0.47282493,1.3302572e-05,-0.47236912,1.3322284e-05,-0.47259703,1.34591e-05,-0.47214122,1.3458836e-05,-0.45043474,9.7924668e-06,-0.47227402,1.3594158e-05,-0.47233364,1.3638593e-05,-0.44565132,9.1893018e-06,-0.44609373,9.2958636e-06,-0.43169155,7.3299294e-06,-0.44609373,9.3700353e-06,-0.44582479,9.3467966e-06,-0.47122961,1.3721812e-05,-0.41737672,5.7259249e-06,-0.41721418,5.718691e-06,-0.47054591,1.3695474e-05,-0.41737672,5.7757511e-06,-0.41737672,5.7851362e-06,-0.41737672,5.8033937e-06,-0.41721418,5.8032107e-06,-0.41721418,5.8117899e-06,-0.43152901,7.5523722e-06,-0.43169155,7.6030514e-06
-0.36788389,1.9863688e-16,-,-,-0.41733705,2.5253986e-06,-0.47367272,5.6457331e-06,-0.47118468,7.8759426e-06,-0.48510402,1.1293734e-05,-0.48664372,1.3344037e-05,-0.48730706,1.4114743e-05,-0.4847085,1.447353e-05,-0.48736912,1.5275738e-05,-0.42986028,6.4347767e-06,-0.48805283,1.5699618e-05,-0.48782493,1.5798402e-05,-0.48759703,1.5825647e-05,-0.48759703,1.5899162e-05,-0.48782493,1.6090128e-05,-0.48782493,1.6224941e-05,-0.48736912,1.62565e-05,-0.48759703,1.6417896e-05,-0.48714122,1.6425917e-05,-0.46543474,1.2276e-05,-0.48727402,1.6587895e-05,-0.48733364,1.664091e-05,-0.46065132,1.1590051e-05,-0.46109373,1.1715918e-05,-0.44669155,9.4240944e-06,-0.46109373,1.1806243e-05,-0.46082479,1.1780264e-05,-0.48622961,1.6758809e-05,-0.43237672,7.5165627e-06,-0.43221418,7.5080917e-06,-0.48554591,1.6736802e-05,-0.43237672,7.5777405e-06,-0.43237672,7.5892337e-06,-0.43237672,7.611588e-06,-0.43221418,7.6117015e-06,-0.43221418,7.6221864e-06,-0.44652901,9.6955641e-06,-0.44669155,9.7560962e-06
-0.37468763,4.3091849e-17,-,-,-0.42879048,2.8918616e-06,-0.48668781,6.2049853e-06,-0.48618468,8.9571798e-06,-0.50010402,1.282637e-05,-0.50164372,1.5392404e-05,-0.50230706,1.6419335e-05,-0.4997085,1.719861e-05,-0.50236912,1.8274923e-05,-0.44486028,8.324567e-06,-0.50305283,1.882827e-05,-0.50282493,1.8946501e-05,-0.50259703,1.8981734e-05,-0.50259703,1.9067533e-05,-0.50282493,1.9288372e-05,-0.50282493,1.9448787e-05,-0.50236912,1.9495729e-05,-0.50259703,1.9683439e-05,-0.50214122,1.9703282e-05,-0.48043474,1.5101871e-05,-0.50227402,1.9894966e-05,-0.50233364,1.9957187e-05,-0.47565132,1.4338975e-05,-0.47609373,1.4485597e-05,-0.46169155,1.1866502e-05,-0.47609373,1.4594956e-05,-0.47582479,1.4567107e-05,-0.50122961,2.0120205e-05,-0.44737672,9.6482976e-06,-0.44721418,9.6388284e-06,-0.50054591,2.0106577e-05,-0.44737672,9.7226747e-06,-0.44737672,9.7366202e-06,-0.44737672,9.7637045e-06,-0.44721418,9.7645291e-06,-0.44721418,9.7771978e-06,-0.46152901,1.2195196e-05,-0.46169155,1.226649e-05
-0.38374567,5.8527689e-17,-,-,-0.44379048,3.3726342e-06,-0.50168781,6.815654e-06,-0.50118468,1.0009396e-05,-0.51510402,1.4303561e-05,-0.51664372,1.738434e-05,-0.51730706,1.8678719e-05,-0.5147085,1.9971922e-05,-0.51736912,2.140948e-05,-0.45986028,1.0535531e-05,-0.51805283,2.2188493e-05,-0.51782493,2.2327845e-05,-0.51759703,2.2371873e-05,-0.51759703,2.2469419e-05,-0.51782493,2.2717609e-05,-0.51782493,2.2903624e-05,-0.51736912,2.2969301e-05,-0.51759703,2.3182873e-05,-0.51714122,2.3218259e-05,-0.49543474,1.8255288e-05,-0.51727402,2.3440208e-05,-0.51733364,2.3511709e-05,-0.49065132,1.7427981e-05,-0.49109373,1.7596611e-05,-0.47669155,1.4660051e-05,-0.49109373,1.7727555e-05,-0.49082479,1.7698822e-05,-0.51622961,2.3730215e-05,-0.46237672,1.2132316e-05,-0.46221418,1.2122101e-05,-0.51554591,2.3729932e-05,-0.46237672,1.2221843e-05,-0.46237672,1.2238612e-05,-0.46237672,1.2271134e-05,-0.46221418,1.2273252e-05,-0.46221418,1.2288428e-05,-0.47652901,1.5055425e-05,-0.47669155,1.5138227e-05
-0.38973304,-9.7197172e-17,-,-,-0.45879048,3.8415308e-06,-0.51668781,7.3822633e-06,-0.51618468,1.1010737e-05,-0.53010402,1.5688586e-05,-0.53164372,1.925461e-05,-0.53230706,2.0808138e-05,-0.5297085,2.2663718e-05,-0.53236912,2.4529947e-05,-0.47486028,1.3070166e-05,-0.53305283,2.5680569e-05,-0.53282493,2.5847694e-05,-0.53259703,2.5900759e-05,-0.53259703,2.6008567e-05,-0.53282493,2.6279207e-05,-0.53282493,2.6488558e-05,-0.53236912,2.6574625e-05,-0.53259703,2.6811607e-05,-0.53214122,2.6865288e-05,-0.51043474,2.1686209e-05,-0.53227402,2.7116423e-05,-0.53233364,2.7196795e-05,-0.50565132,2.0820417e-05,-0.50609373,2.101071e-05,-0.49169155,1.7795384e-05,-0.50609373,2.1165369e-05,-0.50582479,2.1137003e-05,-0.53122961,2.7477017e-05,-0.47737672,1.49714e-05,-0.47721418,1.4961326e-05,-0.53054591,2.7493873e-05,-0.47737672,1.5078627e-05,-0.47737672,1.5098742e-05,-0.47737672,1.5137457e-05,-0.47721418,1.5141462e-05,-0.47721418,1.5159591e-05,-0.49152901,1.8266525e-05,-0.49169155,1.8361798e-05
-0.39770422,3.1162145e-16,-,-,-0.46629048,4.0679079e-06,-0.53168781,7.9006874e-06,-0.53118468,1.1943618e-05,-0.54510402,1.6956693e-05,-0.54664372,2.0960259e-05,-0.54730706,2.2751723e-05,-0.5447085,2.5170132e-05,-0.54736912,2.7502468e-05,-0.48986028,1.592e-05,-0.54805283,2.9206501e-05,-0.54782493,2.9425471e-05,-0.54759703,2.9489e-05,-0.54759703,2.9605841e-05,-0.54782493,2.9894283e-05,-0.54782493,3.012345e-05,-0.54736912,3.0229632e-05,-0.54759703,3.0487568e-05,-0.54714122,3.0560422e-05,-0.52543474,2.5296899e-05,-0.54727402,3.0839231e-05,-0.54733364,3.0928053e-05,-0.52065132,2.4428801e-05,-0.52109373,2.463772e-05,-0.50669155,2.1232325e-05,-0.52109373,2.4816406e-05,-0.52082479,2.479057e-05,-0.54622961,3.1272571e-05,-0.49237672,1.8155796e-05,-0.49221418,1.8146201e-05,-0.54554591,3.1308307e-05,-0.49237672,1.8282769e-05,-0.49237672,1.8306201e-05,-0.49237672,1.8351826e-05,-0.49221418,1.8358868e-05,-0.49221418,1.838002e-05,-0.50652901,2.1785054e-05,-0.50669155,2.1891858e-05
-0.40301037,6.658997e-19,-,-,-0.47613548,4.3544796e-06,-0.54668781,8.3704093e-06,-0.54618468,1.2797345e-05,-0.56010402,1.8098587e-05,-0.56164372,2.2486183e-05,-0.56230706,2.4488668e-05,-0.5597085,2.7436342e-05,-0.56236912,3.0239337e-05,-0.50486028,1.9051381e-05,-0.56305283,3.2675809e-05,-0.56282493,3.3002977e-05,-0.56259703,3.3084711e-05,-0.56259703,3.3211877e-05,-0.56282493,3.3515535e-05,-0.56282493,3.3760799e-05,-0.56236912,3.3885688e-05,-0.56259703,3.4162321e-05,-0.56214122,3.4254271e-05,-0.54043474,2.8988076e-05,-0.56227402,3.4559231e-05,-0.56233364,3.465616e-05,-0.53565132,2.8145513e-05,-0.53609373,2.8370063e-05,-0.52169155,2.4878134e-05,-0.53609373,2.8571914e-05,-0.53582479,2.8550055e-05,-0.56122961,3.5066028e-05,-0.50737672,2.1640787e-05,-0.50721418,2.1632828e-05,-0.56054591,3.5121287e-05,-0.50737672,2.1788649e-05,-0.50737672,2.1816031e-05,-0.50737672,2.1868886e-05,-0.50721418,2.1879991e-05,-0.50721418,2.190433e-05,-0.52152901,2.5511767e-05,-0.52169155,2.5628526e-05
-0.41007462,1.2832286e-16,-,-,-0.48905868,4.7097578e-06,-0.56168781,8.7936456e-06,-0.56118468,1.3569283e-05,-0.57510402,1.9116076e-05,-0.57664372,2.3835751e-05,-0.57730706,2.6021814e-05,-0.5747085,2.9447038e-05,-0.57736912,3.2699088e-05,-0.51986028,2.2379043e-05,-0.57805283,3.6002224e-05,-0.57782493,3.6528816e-05,-0.57759703,3.6650762e-05,-0.57759703,3.6797116e-05,-0.57782493,3.7118501e-05,-0.57782493,3.7377349e-05,-0.57736912,3.7518885e-05,-0.57759703,3.7812363e-05,-0.57714122,3.7922789e-05,-0.55543474,3.2696122e-05,-0.57727402,3.8252764e-05,-0.57733364,3.8357605e-05,-0.55065132,3.1894642e-05,-0.55109373,3.2132901e-05,-0.53669155,2.8625056e-05,-0.55109373,3.2357101e-05,-0.55082479,3.2340045e-05,-0.57622961,3.8833415e-05,-0.52237672,2.53294e-05,-0.52221418,2.5324172e-05,-0.57554591,3.890819e-05,-0.52237672,2.5497556e-05,-0.52237672,2.5528518e-05,-0.52237672,2.5588297e-05,-0.52221418,2.5604326e-05,-0.52221418,2.5631769e-05,-0.53652901,2.9335298e-05,-0.53669155,2.9459953e-05
-0.41477706,4.1280174e-18,-,-,-0.50405868,5.0897267e-06,-0.57668781,9.1743617e-06,-0.57618468,1.4261734e-05,-0.59010402,2.0018909e-05,-0.59164372,2.5024874e-05,-0.59230706,2.737176e-05,-0.5897085,3.1215605e-05,-0.59236912,3.4880618e-05,-0.53486028,2.5772925e-05,-0.59305283,3.9117515e-05,-0.59282493,3.9949826e-05,-0.59259703,4.0153079e-05,-0.59259703,4.0342579e-05,-0.59282493,4.0696625e-05,-0.59282493,4.0969755e-05,-0.59236912,4.1125856e-05,-0.59259703,4.1434723e-05,-0.59214122,4.1562806e-05,-0.57043474,3.6386166e-05,-0.59227402,4.1917281e-05,-0.59233364,4.2030005e-05,-0.56565132,3.5633099e-05,-0.56609373,3.5884015e-05,-0.55169155,3.2399903e-05,-0.56609373,3.6130133e-05,-0.56582479,3.6118226e-05,-0.59122961,4.2572802e-05,-0.53737672,2.9113025e-05,-0.53721418,2.9111403e-05,-0.59054591,4.2666955e-05,-0.53737672,2.9300125e-05,-0.53737672,2.9334471e-05,-0.53737672,2.9400651e-05,-0.53721418,2.9421987e-05,-0.53721418,2.9452266e-05,-0.55152901,3.3182309e-05,-0.55169155,3.3313693e-05
-0.42103757,1.2000251e-18,-,-,-0.51905868,5.4341519e-06,-0.59168781,9.5173379e-06,-0.59118468,1.4881018e-05,-0.6,2.0558393e-05,-0.6,2.5627484e-05,-0.6,2.7998788e-05,-0.6,3.230391e-05,-0.6,3.5891711e-05,-0.54986028,2.9102038e-05,-0.6,4.0476548e-05,-0.6,4.1532753e-05,-0.6,4.1845275e-05,-0.6,4.2070701e-05,-0.6,4.2399518e-05,-0.6,4.2681426e-05,-0.6,4.2953089e-05,-0.6,4.3214601e-05,-0.6,4.3461008e-05,-0.58543474,4.0046784e-05,-0.6,4.3796027e-05,-0.6,4.3898318e-05,-0.58065132,3.9342822e-05,-0.58109373,3.9606345e-05,-0.56669155,3.6161728e-05,-0.58109373,3.9874578e-05,-0.58082479,3.9867861e-05,-0.6,4.4749849e-05,-0.55237672,3.2920496e-05,-0.55221418,3.2922679e-05,-0.6,4.5025755e-05,-0.55237672,3.312521e-05,-0.55237672,3.3162712e-05,-0.55237672,3.3234713e-05,-0.55221418,3.3261498e-05,-0.55221418,3.3294384e-05,-0.56652901,3.7013238e-05,-0.56669155,3.7150517e-05
-0.42520499,-3.5297004e-16,-,-,-0.52655868,5.5934374e-06,-0.6,9.6929656e-06,-0.6,1.5218618e-05,-,-,-,-,-,-,-,-,-,-,-0.56486028,3.2257466e-05,-,-,-,-,-,-,-,-,-,-,-,-,-,-,-,-,-,-,-0.6,4.3577365e-05,-,-,-,-,-0.59565132,4.3025048e-05,-0.59609373,4.3301819e-05,-0.58169155,3.9894678e-05,-0.59609373,4.3593021e-05,-0.59582479,4.3591502e-05,-,-,-0.56737672,3.6712588e-05,-0.56721418,3.6718732e-05,-,-,-0.56737672,3.6934108e-05,-0.56737672,3.6974559e-05,-0.56737672,3.7052094e-05,-0.56721418,3.7084265e-05,-0.56721418,3.7119549e-05,-0.58152901,4.0814425e-05,-0.58169155,4.0957357e-05
-0.4307921,-2.2571081e-18,-,-,-0.53654368,5.7927639e-06,-,-,-,-,-,-,-,-,-,-,-,-,-,-,-0.57986028,3.5165323e-05,-,-,-,-,-,-,-,-,-,-,-,-,-,-,-,-,-,-,-,-,-,-,-,-,-0.6,4.4088751e-05,-0.6,4.4260975e-05,-0.59669155,4.3601598e-05,-0.6,4.4558404e-05,-0.6,4.4624778e-05,-,-,-0.58237672,4.0475574e-05,-0.58221418,4.0485634e-05,-,-,-0.58237672,4.0713633e-05,-0.58237672,4.0756963e-05,-0.58237672,4.0839934e-05,-0.58221418,4.0877392e-05,-0.58221418,4.091501e-05,-0.59652901,4.4590961e-05,-0.59669155,4.4739678e-05
-0.43823041,1.5444029e-17,-,-,-0.54983705,6.0371054e-06,-,-,-,-,-,-,-,-,-,-,-,-,-,-,-0.59486028,3.7794007e-05,-,-,-,-,-,-,-,-,-,-,-,-,-,-,-,-,-,-,-,-,-,-,-,-,-,-,-,-,-0.6,4.4416709e-05,-,-,-,-,-,-,-0.59737672,4.4213906e-05,-0.59721418,4.4227839e-05,-,-,-0.59737672,4.4468816e-05,-0.59737672,4.4515042e-05,-0.59737672,4.4603545e-05,-0.59721418,4.4646216e-05,-0.59721418,4.4686203e-05,-0.6,4.5462593e-05,-0.6,4.5571865e-05
-0.44318185,7.4354347e-18,-,-,-0.55733705,6.1652363e-06,-,-,-,-,-,-,-,-,-,-,-,-,-,-,-0.6,3.8630313e-05,-,-,-,-,-,-,-,-,-,-,-,-,-,-,-,-,-,-,-,-,-,-,-,-,-,-,-,-,-,-,-,-,-,-,-,-,-0.6,4.486597e-05,-0.6,4.4921042e-05,-,-,-0.6,4.5123874e-05,-0.6,4.5170671e-05,-0.6,4.5260124e-05,-0.6,4.5344482e-05,-0.6,4.5384919e-05,-,-,-,-
-0.44977386,7.9218303e-18,-,-,-0.56732205,6.3258914e-06,-,-,-,-,-,-,-,-,-,-,-,-,-,-,-,-,-,-,-,-,-,-,-,-,-,-,-,-,-,-,-,-,-,-,-,-,-,-,-,-,-,-,-,-,-,-,-,-,-,-,-,-,-,-,-,-,-,-,-,-,-,-,-,-,-,-,-,-,-,-,-,-
-0.45416194,1.0378336e-18,-,-,-0.58061541,6.523799e-06,-,-,-,-,-,-,-,-,-,-,-,-,-,-,-,-,-,-,-,-,-,-,-,-,-,-,-,-,-,-,-,-,-,-,-,-,-,-,-,-,-,-,-,-,-,-,-,-,-,-,-,-,-,-,-,-,-,-,-,-,-,-,-,-,-,-,-,-,-,-,-,-
-0.46000394,2.4356295e-18,-,-,-0.58811541,6.6282138e-06,-,-,-,-,-,-,-,-,-,-,-,-,-,-,-,-,-,-,-,-,-,-,-,-,-,-,-,-,-,-,-,-,-,-,-,-,-,-,-,-,-,-,-,-,-,-,-,-,-,-,-,-,-,-,-,-,-,-,-,-,-,-,-,-,-,-,-,-,-,-,-,-
-0.46778159,9.9280061e-17,-,-,-0.59810041,6.7599282e-06,-,-,-,-,-,-,-,-,-,-,-,-,-,-,-,-,-,-,-,-,-,-,-,-,-,-,-,-,-,-,-,-,-,-,-,-,-,-,-,-,-,-,-,-,-,-,-,-,-,-,-,-,-,-,-,-,-,-,-,-,-,-,-,-,-,-,-,-,-,-,-,-
-0.47295892,2.2418795e-18,-,-,-0.6,6.7841037e-06,-,-,-,-,-,-,-,-,-,-,-,-,-,-,-,-,-,-,-,-,-,-,-,-,-,-,-,-,-,-,-,-,-,-,-,-,-,-,-,-,-,-,-,-,-,-,-,-,-,-,-,-,-,-,-,-,-,-,-,-,-,-,-,-,-,-,-,-,-,-,-,-
-0.47985166,2.3766644e-16,-,-,-,-,-,-,-,-,-,-,-,-,-,-,-,-,-,-,-,-,-,-,-,-,-,-,-,-,-,-,-,-,-,-,-,-,-,-,-,-,-,-,-,-,-,-,-,-,-,-,-,-,-,-,-,-,-,-,-,-,-,-,-,-,-,-,-,-,-,-,-,-,-,-,-,-
-0.48099872,-2.6754463e-16,-,-,-,-,-,-,-,-,-,-,-,-,-,-,-,-,-,-,-,-,-,-,-,-,-,-,-,-,-,-,-,-,-,-,-,-,-,-,-,-,-,-,-,-,-,-,-,-,-,-,-,-,-,-,-,-,-,-,-,-,-,-,-,-,-,-,-,-,-,-,-,-,-,-,-,-

